,timestamp,user_id,user_id_uuid,narrative_id,summary,correct,Unnamed: 6
0,2024-11-04 21:16:26,user_2_0_0,user_2_0_0_0a1acf10-3a5c-4d28-97cc-ddd18121057c,0,"Based on our previous conversation, here's a summary of your investment preferences:

1. **Preferred Industries:** Healthcare and biotech.
2. **Value vs. Growth Stocks:** Growth stocks, with a focus on high returns and potentially higher risk.
3. **Dividend vs. Non-Dividend Stocks:** Non-dividend stocks, with a focus on reinvesting returns to maximize growth.
4. **Cyclical vs. Non-Cyclical Stocks:** No preference has been discussed.",2,
1,2024-11-05 01:39:42,user_0_0_4,user_0_0_4_0a1acf10-3a5c-4d28-97cc-ddd18121057c,0,"Based on the conversation, the customer's investment preferences are as follows:

1. **Preferred Industries:** Healthcare and Energy
2. **Value vs. Growth Stocks:** Value stocks (preference for stable, steady returns)
3. **Dividend vs. Non-Dividend Stocks:** Dividend stocks (for regular income)
4. **Cyclical vs. Non-Cyclical Stocks:** Non-cyclical stocks (for stability and predictability)",2,
2,2024-11-10 19:53:14,demo_3_0_1,demo_3_0_1_0a1acf10-3a5c-4d28-97cc-ddd18121057c,0,"Based on our previous conversation, here's a summary of your investment preferences:

1. **Preferred Industry:** Healthcare, specifically medical innovations and biotech companies.
2. **Value vs. Growth Stocks:** Not discussed.
3. **Dividend vs. Non-Dividend Stocks:** You prefer non-dividend stocks, focusing on capital gains.
4. **Cyclical vs. Non-Cyclical Stocks:** You prefer non-cyclical stocks, which are less affected by economic fluctuations and can withstand downturns and shifts.",2,
3,2024-11-11 08:11:52,user_3_0_1,user_3_0_1_0a1acf10-3a5c-4d28-97cc-ddd18121057c,0,"Based on our previous conversation, here's a summary of your investment preferences:

1. **Preferred Industries:** Healthcare, specifically biotechnology companies focused on developing new treatments.
2. **Value vs. Growth Stocks:** Growth stocks, prioritizing companies with a strong growth trajectory and resilience.
3. **Dividend vs. Non-Dividend Stocks:** Non-dividend stocks, focusing on investments with strong potential for capital gains.
4. **Cyclical vs. Non-Cyclical Stocks:** Non-cyclical stocks, looking for companies that can thrive during economic downturns.",3,
4,2024-11-12 02:25:58,user_3_0_4,user_3_0_4_0a1acf10-3a5c-4d28-97cc-ddd18121057c,0,"Based on our previous conversation, here's a summary of your investment preferences:

1. **Preferred Industries:** Healthcare, specifically biotech companies.
2. **Value vs. Growth Stocks:** Growth stocks, as you're looking for rapidly expanding companies with potential for high returns.
3. **Dividend vs. Non-Dividend Stocks:** Non-dividend stocks, as you're focused on growth over income.
4. **Cyclical vs. Non-Cyclical Stocks:** Non-cyclical stocks, as you're looking for companies that can withstand economic shifts and are less affected by economic fluctuations.",3,
5,2024-11-14 05:13:08,user_3_0_3,user_3_0_3_0a1acf10-3a5c-4d28-97cc-ddd18121057c,0,"Based on our previous conversation, here's a summary of your investment preferences:

1. **Preferred Industries:** Healthcare, specifically all aspects of it (pharmaceuticals, medical devices, hospitals, and biotechnology).
2. **Value vs. Growth Stocks:** Growth potential.
3. **Dividend vs. Non-Dividend Stocks:** Reinvesting earnings to fuel growth.
4. **Cyclical vs. Non-Cyclical Stocks:** Non-cyclical industries.",3,
6,2024-11-15 04:18:03,user_3_0_0,user_3_0_0_0a1acf10-3a5c-4d28-97cc-ddd18121057c,0,"Based on our previous conversation, here's a summary of your investment preferences:

1. **Preferred Industries:** Healthcare, specifically biotechnology companies.
2. **Value vs. Growth Stocks:** Growth stocks, which come with higher risks but potentially higher returns.
3. **Dividend vs. Non-Dividend Stocks:** You prioritize capital appreciation over dividend payments.
4. **Cyclical vs. Non-Cyclical Stocks:** You prefer non-cyclical stocks, which are less dependent on economic cycles and can withstand economic downturns.",3,
7,2024-10-26 15:44:03,user_2_0_2,user_2_0_2_41ffe116-3ade-45a9-a7c3-c7fa26aa71c3,0,"Based on the conversation, the customer's investment preferences are as follows:

- Preferred industries: Technology and finance.
- Value vs. growth stocks: Growth stocks.
- Dividend vs. non-dividend stocks: Non-dividend stocks.
- Cyclical vs. non-cyclical stocks: Cyclical stocks.",1,
8,2024-10-28 01:24:52,user_0_0_4,user_0_0_4_41ffe116-3ade-45a9-a7c3-c7fa26aa71c3,0,"Based on our previous conversation, here's a summary of your investment preferences:

1. **Preferred Industry:** Technology, specifically hardware and electronics.
2. **Value vs. Growth Stocks:** Value stocks with lower growth rates.
3. **Dividend vs. Non-Dividend Stocks:** Dividend-paying stocks.
4. **Cyclical vs. Non-Cyclical Stocks:** Non-cyclical companies that tend to perform well regardless of economic conditions.",1,
9,2024-10-28 16:15:23,user_0_0_2,user_0_0_2_41ffe116-3ade-45a9-a7c3-c7fa26aa71c3,0,"Based on the previous conversation, the customer's investment preferences are as follows:

- Preferred industry: Healthcare, specifically pharmaceuticals.
- Value vs. growth stocks: Value stocks.
- Dividend vs. non-dividend stocks: Non-dividend stocks.
- Cyclical vs. non-cyclical stocks: Non-cyclical stocks.",2,
10,2024-10-28 16:30:22,user_2_0_3,user_2_0_3_41ffe116-3ade-45a9-a7c3-c7fa26aa71c3,0,"Based on the conversation, here's a summary of the customer's investment preferences:

1. **Preferred Industry:** The customer is interested in investing in the AI for biomedicine sector, which falls under the broader technology industry.
2. **Value vs. Growth Stocks:** The customer prefers value stocks, specifically those with a strong track record.
3. **Dividend vs. Non-Dividend Stocks:** The customer is interested in dividend stocks, which provide a regular income stream.
4. **Cyclical vs. Non-Cyclical Stocks:** The customer is interested in cyclical stocks, specifically those in the healthcare industry, which can offer higher growth potential but also come with higher risk.",1,
11,2024-10-28 16:40:34,user_0_0_2,user_0_0_2_41ffe116-3ade-45a9-a7c3-c7fa26aa71c3,0,"Based on the previous conversation, the customer's investment preferences are as follows:

1. **Preferred Industry:** Healthcare, specifically hospitals and medical facilities.
2. **Value vs. Growth Stocks:** Growth stocks, which have high potential for long-term growth but may be riskier.
3. **Dividend vs. Non-Dividend Stocks:** Non-dividend stocks, which focus on growth and capital appreciation.
4. **Cyclical vs. Non-Cyclical Stocks:** Non-cyclical stocks, which are less affected by economic downturns and tend to be more stable.",3,
12,2024-10-28 19:22:21,user_3_0_0,user_3_0_0_41ffe116-3ade-45a9-a7c3-c7fa26aa71c3,0,"Based on our previous conversation, here's a summary of your investment preferences:

1. **Preferred Industries:** You're interested in investing in the software or internet industry, specifically focusing on social media companies that generate revenue through advertising.
2. **Value vs. Growth Stocks:** You prefer growth-oriented stocks, which may be more volatile but offer higher growth potential.
3. **Dividend vs. Non-Dividend Stocks:** You prefer dividend-paying stocks, which provide a relatively stable income stream.
4. **Cyclical vs. Non-Cyclical Stocks:** You're open to cyclical stocks, which can be more volatile but offer growth potential.",1,
13,2024-10-29 11:33:14,user_2_0_4,user_2_0_4_41ffe116-3ade-45a9-a7c3-c7fa26aa71c3,0,"Based on the conversation, the customer's investment preferences are as follows:

1. **Preferred Industry:** Healthcare, specifically biotech companies.
2. **Value vs. Growth Stocks:** Growth stocks, with a preference for companies that can withstand market downturns and offer a balance between growth and stability.
3. **Dividend vs. Non-Dividend Stocks:** Non-dividend stocks, with a focus on capital gains.
4. **Cyclical vs. Non-Cyclical Stocks:** Non-cyclical stocks, which can provide stability and consistency during economic fluctuations.",3,
14,2024-10-31 22:31:03,demo_2_0_1,demo_2_0_1_7eea2bdd-70bb-4430-b87d-32cbe72dd1f0,0,"Based on the conversation, the customer's investment preferences are as follows:

- Preferred industries: Healthcare
- Value vs. growth stocks: Growth stocks, specifically rapidly expanding companies
- Dividend vs. non-dividend stocks: Non-dividend stocks that reinvest their earnings for future growth
- Cyclical vs. non-cyclical stocks: Non-cyclical stocks that can withstand economic shifts.",3,
15,2024-11-04 12:17:49,demo_3_0_1,demo_3_0_1_7eea2bdd-70bb-4430-b87d-32cbe72dd1f0,0,"Based on the conversation, here's a summary of the customer's investment preferences:

1. **Preferred Industries:** The customer is interested in investing in the finance sector, specifically fintech.
2. **Value vs. Growth Stocks:** The customer prefers value stocks, which tend to be undervalued and have a lower price-to-earnings ratio.
3. **Dividend vs. Non-Dividend Stocks:** The customer prioritizes dividend stocks, which provide regular income through dividend payments.
4. **Cyclical vs. Non-Cyclical Stocks:** The customer prefers non-cyclical stocks, which tend to be less affected by economic downturns, and is open to investing in companies with steady demand in various industries.",1,
16,2024-11-04 18:52:17,user_0_0_0,user_0_0_0_7eea2bdd-70bb-4430-b87d-32cbe72dd1f0,0,"Based on our previous conversation, here's a summary of your investment preferences:

1. **Preferred Industry:** Healthcare, specifically medical innovations.
2. **Value vs. Growth Stocks:** Growth stocks, which are expected to experience high growth rates in the short term.
3. **Dividend vs. Non-Dividend Stocks:** Non-dividend stocks, which focus on capital appreciation.
4. **Cyclical vs. Non-Cyclical Stocks:** No preference has been discussed, but you are willing to take measured risks, indicating a potential openness to cyclical stocks.",2,
17,2024-11-07 07:42:09,demo_3_0_4,demo_3_0_4_7eea2bdd-70bb-4430-b87d-32cbe72dd1f0,0,"Based on the conversation with the customer, here's a summary of their investment preferences:

1. **Preferred Industries:** Healthcare (specifically, no preference for a sub-sector within healthcare)
2. **Value vs. Growth Stocks:** Growth stocks (open to taking some level of risk for growth potential)
3. **Dividend vs. Non-Dividend Stocks:** Non-dividend stocks (focusing on capital appreciation)
4. **Cyclical vs. Non-Cyclical Stocks:** Non-cyclical stocks (seeking stability and predictability)",3,
18,2024-11-09 14:45:55,demo_3_0_3,demo_3_0_3_7eea2bdd-70bb-4430-b87d-32cbe72dd1f0,0,"Based on our previous conversation, here's a summary of your investment preferences:

1. **Preferred Industries:** Healthcare, specifically medical innovations and biotech companies that focus on developing new treatments.
2. **Value vs. Growth Stocks:** You prefer growth stocks, prioritizing companies that may not pay dividends but have high growth potential.
3. **Dividend vs. Non-Dividend Stocks:** You are open to investing in non-dividend stocks, as you prioritize growth over current income.
4. **Cyclical vs. Non-Cyclical Stocks:** You are looking for companies that can adapt to changing economic conditions and potentially provide strong capital gains, rather than strictly non-cyclical stocks.",3,
19,2024-11-14 07:09:46,user_3_0_2,user_3_0_2_7eea2bdd-70bb-4430-b87d-32cbe72dd1f0,0,"Based on the conversation, the customer's investment preferences are as follows:

1. **Preferred Industry:** Healthcare, specifically medical innovations and biotech services.
2. **Value vs. Growth Stocks:** No preference has been discussed.
3. **Dividend vs. Non-Dividend Stocks:** The customer prefers non-dividend stocks, seeking higher growth potential.
4. **Cyclical vs. Non-Cyclical Stocks:** No preference has been discussed.",1,
20,2024-10-24 16:12:50,user_2_0_0,user_2_0_0_847aded7-697c-424e-8b54-632f321e1590,0,"Based on the conversation with the customer, here's a summary of their investment preferences:

1. **Preferred Industries:** Healthcare
2. **Value vs. Growth Stocks:** Growth stocks (they prefer companies with high growth potential)
3. **Dividend vs. Non-Dividend Stocks:** Non-dividend stocks (they're okay with companies reinvesting profits for capital gains)
4. **Cyclical vs. Non-Cyclical Stocks:** Non-cyclical stocks (they prefer stocks that can withstand economic shifts and provide stability)",3,
21,2024-10-24 18:02:14,user_0_0_1,user_0_0_1_847aded7-697c-424e-8b54-632f321e1590,0,"Based on our previous conversation, here's a summary of your investment preferences:

1. **Preferred Industry:** Healthcare
2. **Value vs. Growth Stocks:** Growth stocks (expected to experience high growth rates in the short term)
3. **Dividend vs. Non-Dividend Stocks:** Non-dividend stocks (focus on capital appreciation)
4. **Cyclical vs. Non-Cyclical Stocks:** Non-cyclical stocks (less affected by economic cycles and tend to be more stable)",3,
22,2024-10-24 18:43:43,user_0_0_3,user_0_0_3_847aded7-697c-424e-8b54-632f321e1590,0,"Based on the conversation with the customer, here's a summary of their investment preferences:

1. **Preferred Industries:** Healthcare, specifically medical innovations and biotechnology.
2. **Value vs. Growth Stocks:** Growth stocks, as they are willing to take measured risks and prefer rapidly expanding companies.
3. **Dividend vs. Non-Dividend Stocks:** Non-dividend stocks, as they prefer companies that reinvest their returns to focus on growth.
4. **Cyclical vs. Non-Cyclical Stocks:** Non-cyclical stocks, as they are interested in companies that perform well during economic expansions and provide more stable growth.",3,
23,2024-10-26 23:08:52,user_0_0_1,user_0_0_1_e7ba38fb-f2fd-41ff-bba3-3b85db433a3f,0,"Based on the conversation with Alex Carter, here's a summary of their investment preferences:

1. **Preferred Industries:** Healthcare
2. **Value vs. Growth Stocks:** Growth stocks, as Alex is looking for investments with strong potential for capital gains and is motivated by both personal and professional growth.
3. **Dividend vs. Non-Dividend Stocks:** Non-dividend stocks, as Alex prioritizes growth potential over regular income.
4. **Cyclical vs. Non-Cyclical Stocks:** Alex is open to considering both cyclical and non-cyclical healthcare stocks, indicating a flexible approach to investment opportunities.",2,
24,2024-10-27 16:09:50,user_0_0_2,user_0_0_2_e7ba38fb-f2fd-41ff-bba3-3b85db433a3f,0,"Based on our previous conversation, here's a summary of your investment preferences:

1. **Preferred Industry:** Healthcare, specifically biotechnology and innovative medical devices.
2. **Value vs. Growth Stocks:** Growth-oriented companies, as you're more interested in investing in companies that develop new treatments and technologies.
3. **Dividend vs. Non-Dividend Stocks:** Non-dividend paying companies, as you prefer to reinvest earnings for growth rather than receiving regular income.
4. **Cyclical vs. Non-Cyclical Stocks:** Non-cyclical companies (defensive stocks) in the healthcare sector, such as healthcare services or healthcare IT, which are less sensitive to economic fluctuations.",3,
25,2024-10-28 20:39:37,user_0_0_0,user_0_0_0_e7ba38fb-f2fd-41ff-bba3-3b85db433a3f,0,"Based on the conversation, the customer's investment preferences are as follows:

1. **Preferred Industry:** Healthcare, specifically biotechnology and medical innovations.
2. **Value vs. Growth Stocks:** Growth stocks, which have high potential for long-term growth and can be more volatile.
3. **Dividend vs. Non-Dividend Stocks:** Non-dividend stocks, which focus on capital appreciation and growth rather than providing a regular income stream.
4. **Cyclical vs. Non-Cyclical Stocks:** Non-cyclical stocks, which are less affected by economic downturns and tend to perform relatively well even during economic downturns.",3,
26,2024-10-30 04:47:03,user_2_0_1,user_2_0_1_e7ba38fb-f2fd-41ff-bba3-3b85db433a3f,0,"Based on the previous conversation, here's a summary of the customer's investment preferences:

1. **Preferred Industries:** Healthcare
2. **Value vs. Growth Stocks:** Growth stocks, with a focus on companies with a premium price tag but high potential for growth.
3. **Dividend vs. Non-Dividend Stocks:** Non-dividend stocks, with a focus on reinvesting returns to maximize long-term growth.
4. **Cyclical vs. Non-Cyclical Stocks:** Cyclical stocks, with a willingness to take on a bit of volatility for the potential of higher returns.",2,
27,2024-10-30 08:57:05,user_2_0_2,user_2_0_2_e7ba38fb-f2fd-41ff-bba3-3b85db433a3f,0,"Based on the conversation with the customer, here's a summary of their investment preferences:

1. **Preferred Industries:** Healthcare
2. **Value vs. Growth Stocks:** Growth stocks
3. **Dividend vs. Non-Dividend Stocks:** Non-dividend stocks (since they prioritize growth over short-term dividend yield)
4. **Cyclical vs. Non-Cyclical Stocks:** Non-cyclical stocks (for a more stable foundation in their portfolio)",3,
28,2024-10-30 16:36:10,user_2_0_3,user_2_0_3_e7ba38fb-f2fd-41ff-bba3-3b85db433a3f,0,"Based on the conversation with the customer, here's a summary of their investment preferences:

1. **Preferred Industries:** Healthcare, specifically medical innovations and biotech.
2. **Value vs. Growth Stocks:** Growth stocks, which have the potential for higher returns but may be more expensive.
3. **Dividend vs. Non-Dividend Stocks:** Non-dividend stocks, which focus on reinvesting profits back into the company to fuel growth.
4. **Cyclical vs. Non-Cyclical Stocks:** Non-cyclical stocks, which are less affected by economic fluctuations and provide a more stable foundation for the portfolio.",3,
29,2024-10-30 17:18:16,demo_0_0_3,demo_0_0_3_e7ba38fb-f2fd-41ff-bba3-3b85db433a3f,0,"Based on our previous conversation, here's a summary of your investment preferences:

1. **Preferred Industry:** Healthcare, specifically medical innovations and biotech companies.
2. **Value vs. Growth Stocks:** Growth stocks that can withstand economic shifts.
3. **Dividend vs. Non-Dividend Stocks:** Non-dividend stocks, which focus on reinvesting profits for growth.
4. **Cyclical vs. Non-Cyclical Stocks:** Non-cyclical stocks that can be more resilient during economic downturns, with a willingness to take some level of risk.",3,
30,2024-10-31 20:37:36,user_3_0_2,user_3_0_2_e7ba38fb-f2fd-41ff-bba3-3b85db433a3f,0,"Based on the conversation, the customer's investment preferences are as follows:

1. **Preferred Industries:** Healthcare and biotech sectors.
2. **Value vs. Growth Stocks:** Growth stocks, as the customer is willing to take risks for higher growth potential.
3. **Dividend vs. Non-Dividend Stocks:** Non-dividend stocks, as the customer is not interested in dividend stocks.
4. **Cyclical vs. Non-Cyclical Stocks:** Non-cyclical stocks, as the customer seeks stocks that can withstand economic shifts.",3,
31,2024-11-02 00:53:21,user_2_0_4,user_2_0_4_e7ba38fb-f2fd-41ff-bba3-3b85db433a3f,0,"Based on the conversation, here's a summary of the customer's investment preferences:

1. **Preferred Industries:** Healthcare, specifically biotech and medical innovation.
2. **Value vs. Growth Stocks:** Growth stocks, as the customer is open to taking on more risk in pursuit of higher returns and is focused on long-term growth.
3. **Dividend vs. Non-Dividend Stocks:** Non-dividend stocks, as the customer is focused on capital appreciation and potential long-term growth rather than regular income from dividends.
4. **Cyclical vs. Non-Cyclical Stocks:** The customer is not strictly interested in cyclical stocks, but rather seeks companies with stable and predictable growth that can withstand economic shifts.",3,
32,2024-11-04 12:29:50,demo_2_1_2,demo_2_1_2_0a1acf10-3a5c-4d28-97cc-ddd18121057c,1,"Based on the conversation, the customer's investment preferences are as follows:

1. **Preferred Industry:** Energy, specifically renewable energy sources like wind power.
2. **Value vs. Growth Stocks:** Value stocks, which offer more stability but potentially lower returns.
3. **Dividend vs. Non-Dividend Stocks:** Non-dividend stocks, which focus on growth and capital appreciation.
4. **Cyclical vs. Non-Cyclical Stocks:** Non-cyclical stocks, which are less affected by economic downturns and tend to be more stable.",2,
33,2024-11-04 17:59:17,demo_3_1_4,demo_3_1_4_0a1acf10-3a5c-4d28-97cc-ddd18121057c,1,"Based on the conversation, the customer's investment preferences are as follows:

1. **Preferred Industries:** No specific industry has been mentioned, indicating a broad approach with flexibility.
2. **Value vs. Growth Stocks:** The customer tends to prioritize value stocks, which are often undervalued and potentially undervalued, as they are looking for companies with a strong track record and a solid foundation.
3. **Dividend vs. Non-Dividend Stocks:** The customer prioritizes dividend-paying stocks, which provide a relatively stable source of income.
4. **Cyclical vs. Non-Cyclical Stocks:** The customer is open to investing in non-cyclical stocks, which are less affected by economic fluctuations and tend to be more stable.",3,
34,2024-11-05 15:54:02,user_0_1_1,user_0_1_1_0a1acf10-3a5c-4d28-97cc-ddd18121057c,1,"Based on our previous conversation, here's a summary of your investment preferences:

1. **Preferred Industry:** No specific sector in mind, preferring a diversified portfolio.
2. **Value vs. Growth Stocks:** You prefer established companies, which aligns with value stocks, but not explicitly stated as a preference.
3. **Dividend vs. Non-Dividend Stocks:** You prefer a regular income stream, which aligns with dividend-paying stocks.
4. **Cyclical vs. Non-Cyclical Stocks:** You prefer non-cyclical stocks, also known as defensive stocks, for their stability and reduced volatility.",3,
35,2024-11-14 07:32:57,user_2_1_3,user_2_1_3_0a1acf10-3a5c-4d28-97cc-ddd18121057c,1,"Based on the conversation, the customer's investment preferences are:

1. **Preferred Industry/Sector:** Healthcare (due to its stability)
2. **Value vs. Growth Stocks:** Value stocks (for long-term growth)
3. **Dividend vs. Non-Dividend Stocks:** Dividend stocks (for regular income)
4. **Cyclical vs. Non-Cyclical Stocks:** Non-cyclical stocks (for stability)",3,
36,2024-10-28 15:49:39,user_2_1_1,user_2_1_1_41ffe116-3ade-45a9-a7c3-c7fa26aa71c3,1,"Based on the conversation, the customer's investment preferences are as follows:

1. **Preferred Industries:** The customer does not have a specific preference for any particular industry, instead focusing on well-established companies with a history of stability and reliability.

2. **Value vs. Growth Stocks:** The customer is open to both value and growth stocks, aiming to diversify their portfolio.

3. **Dividend vs. Non-Dividend Stocks:** The customer is interested in companies that pay dividends, prioritizing a regular income stream for a sense of security and stability.

4. **Cyclical vs. Non-Cyclical Stocks:** The customer prefers non-cyclical companies, which offer a more stable source of income and are less dependent on economic cycles.",2,
37,2024-10-29 14:18:28,user_3_1_0,user_3_1_0_41ffe116-3ade-45a9-a7c3-c7fa26aa71c3,1,"Based on the conversation, the customer's investment preferences are as follows:

- Preferred industries: Not discussed
- Value vs. growth stocks: Value stocks (due to a preference for stability and the least risky option)
- Dividend vs. non-dividend stocks: Dividend stocks (due to a desire for regular payouts)
- Cyclical vs. non-cyclical stocks: Non-cyclical stocks (due to a desire for stability and a more stable foundation for the portfolio)",3,
38,2024-10-29 17:45:57,user_3_1_2,user_3_1_2_41ffe116-3ade-45a9-a7c3-c7fa26aa71c3,1,"Based on the conversation, the customer's investment preferences are as follows:

1. **Preferred Industry:** Renewable energy, specifically focusing on solar energy.
2. **Value vs. Growth Stocks:** Value stocks, which offer a more stable foundation.
3. **Dividend vs. Non-Dividend Stocks:** Dividend stocks, which provide a steady income stream.
4. **Cyclical vs. Non-Cyclical Stocks:** Non-cyclical stocks, which offer stability and are less affected by economic downturns.",3,
39,2024-10-30 22:16:04,user_0_1_2,user_0_1_2_7eea2bdd-70bb-4430-b87d-32cbe72dd1f0,1,"Based on the conversation, the customer's investment preferences are as follows:

- Industry: Open (we can revisit this later)
- Stock type: Growth
- Dividend yield: Yes (previously non-dividend, changed to dividend-yielding)
- Cyclical vs non-cyclical: Non-cyclical
- Risk tolerance: Cautious",2,
40,2024-10-31 23:03:13,user_0_1_0,user_0_1_0_7eea2bdd-70bb-4430-b87d-32cbe72dd1f0,1,"Based on our previous conversation, here's a summary of your investment preferences:

1. **Preferred Industry:** Technology, specifically social media platforms like TikTok.
2. **Value vs. Growth Stocks:** Growth stocks, which offer higher potential for long-term growth.
3. **Dividend vs. Non-Dividend Stocks:** Dividend stocks, which provide regular income.
4. **Cyclical vs. Non-Cyclical Stocks:** Cyclical stocks, which are sensitive to economic cycles and tend to perform well during economic booms.",1,
41,2024-11-02 00:21:12,user_3_1_3,user_3_1_3_7eea2bdd-70bb-4430-b87d-32cbe72dd1f0,1,"Based on our previous conversation, here's a summary of your investment preferences:

1. **Preferred Industries:** You prefer companies with a long history, indicating a focus on established and resilient companies.
2. **Value vs. Growth Stocks:** You're taking a conservative approach and prefer steady returns, which suggests a focus on value stocks.
3. **Dividend vs. Non-Dividend Stocks:** You're interested in dividend stocks for a stable income stream and regular payouts.
4. **Cyclical vs. Non-Cyclical Stocks:** You prefer non-cyclical stocks, which tend to be less affected by economic cycles and provide consistent performance.",3,
42,2024-11-02 07:27:41,demo_2_1_2,demo_2_1_2_7eea2bdd-70bb-4430-b87d-32cbe72dd1f0,1,"Based on the conversation, the customer's investment preferences are as follows:

1. **Preferred Industries:** Finance and healthcare.
2. **Value vs. Growth Stocks:** Value stocks.
3. **Dividend vs. Non-Dividend Stocks:** Dividend stocks.
4. **Cyclical vs. Non-Cyclical Stocks:** Non-cyclical stocks.

These preferences will be used to create a personalized investment plan that suits the customer's needs.",3,
43,2024-11-04 21:06:46,user_3_1_4,user_3_1_4_7eea2bdd-70bb-4430-b87d-32cbe72dd1f0,1,"Based on the conversation, here's a summary of the customer's investment preferences:

1. **Preferred Industries:** The customer has not expressed a preference for a specific industry, indicating a willingness to invest in a broad range of sectors for diversification.

2. **Value vs. Growth Stocks:** The customer prefers value stocks due to their lower risk and stability, despite lower potential returns.

3. **Dividend vs. Non-Dividend Stocks:** The customer is interested in dividend stocks for regular income, with a preference for companies that pay consistent, stable dividends.

4. **Cyclical vs. Non-Cyclical Stocks:** The customer is open to investing in cyclical stocks, understanding that they may be affected by economic fluctuations, but is also looking for a balance between long-term growth and short-term liquidity.",2,
44,2024-11-12 01:27:58,user_2_1_3,user_2_1_3_7eea2bdd-70bb-4430-b87d-32cbe72dd1f0,1,"Based on the conversation, here's a summary of the customer's investment preferences:

1. **Preferred Industries:** The customer has not expressed a preference for a specific industry or sector.
2. **Value vs. Growth Stocks:** The customer prefers established and stable companies, indicating a preference for value stocks.
3. **Dividend vs. Non-Dividend Stocks:** The customer does not have a preference for the type of returns, suggesting a mix of both dividend and non-dividend stocks may be suitable.
4. **Cyclical vs. Non-Cyclical Stocks:** The customer prioritizes companies that are more likely to sustain their performance over time, regardless of market volatility, indicating a preference for non-cyclical stocks.",2,
45,2024-11-14 07:24:56,user_3_1_1,user_3_1_1_7eea2bdd-70bb-4430-b87d-32cbe72dd1f0,1,"Based on the conversation, the customer's investment preferences are as follows:

1. **Preferred Industry:** Healthcare
2. **Value vs. Growth Stocks:** Not discussed
3. **Dividend vs. Non-Dividend Stocks:** Dividend stocks
4. **Cyclical vs. Non-Cyclical Stocks:** Non-cyclical stocks",2,
46,2024-11-14 12:41:26,user_2_1_4,user_2_1_4_7eea2bdd-70bb-4430-b87d-32cbe72dd1f0,1,"Based on our previous conversation, here's a summary of your investment preferences:

1. **Preferred Industries:** You are interested in the financial industry for its stability and growth.
2. **Value vs. Growth Stocks:** You prefer value stocks, which are often undervalued and have the potential for long-term growth.
3. **Dividend vs. Non-Dividend Stocks:** You are interested in dividend stocks, which provide regular income through dividend payments.
4. **Cyclical vs. Non-Cyclical Stocks:** You prefer non-cyclical stocks, which are less affected by economic downturns and tend to be more stable.",3,
47,2024-10-24 18:30:04,user_0_1_1,user_0_1_1_847aded7-697c-424e-8b54-632f321e1590,1,"Based on the previous conversation, the customer's investment preferences are as follows:

1. **Preferred Industry:** Technology
2. **Value vs. Growth Stocks:** Value stocks
3. **Dividend vs. Non-Dividend Stocks:** Dividend-paying stocks
4. **Cyclical vs. Non-Cyclical Stocks:** Less affected by economic downturns (non-cyclical or defensive stocks)",3,
48,2024-10-24 21:38:26,user_0_1_3,user_0_1_3_e15d19a7-98d3-466f-a870-2c87a5db60b8,1,"Based on the conversation, here's a summary of the customer's investment preferences:

1. **Preferred Industries:** The customer prefers investing in technology and healthcare, which are known for their stable and steady growth.
2. **Value vs. Growth Stocks:** The customer prefers growth stocks, which offer higher returns in the short term but come with a higher level of risk.
3. **Dividend vs. Non-Dividend Stocks:** The customer prefers dividend stocks, which provide a regular income stream and are generally considered more stable and less risky.
4. **Cyclical vs. Non-Cyclical Stocks:** The customer prefers non-cyclical stocks, which are less affected by economic cycles and tend to perform relatively consistently.",2,
49,2024-10-24 22:27:57,user_0_1_4,user_0_1_4_e15d19a7-98d3-466f-a870-2c87a5db60b8,1,"Based on our previous conversation, here's a summary of your investment preferences:

1. **Preferred Industry:** You don't have a specific preference for investing in any particular industry. You're looking for stable income, and we discussed exploring options like utilities, real estate, or consumer staples.

2. **Value vs. Growth Stocks:** You prefer **growth stocks**, which focus on companies with high growth potential.

3. **Dividend vs. Non-Dividend Stocks:** You like **dividend-paying stocks**, which provide a relatively stable income stream.

4. **Cyclical vs. Non-Cyclical Stocks:** You prefer **non-cyclical stocks**, which are less affected by economic cycles and tend to be more stable.",2,
50,2024-10-24 22:40:32,user_0_1_4,user_0_1_4_e15d19a7-98d3-466f-a870-2c87a5db60b8,1,"Based on the conversation, the customer's investment preferences are as follows:

1. **Preferred Industry:** Financial sector, specifically companies that provide essential services such as banks, insurance companies, or asset management firms.
2. **Value vs. Growth Stocks:** Value stocks, which are often undervalued and have the potential for long-term growth, and are generally considered to have lower risk compared to growth stocks.
3. **Dividend vs. Non-Dividend Stocks:** Dividend stocks, which provide a regular income stream, as they are appealing for lower-risk investors and many established companies in the financial sector pay consistent dividends.
4. **Cyclical vs. Non-Cyclical Stocks:** Non-cyclical companies, also known as defensive stocks, which are less affected by economic fluctuations and provide essential services or products, such as utilities, healthcare, or consumer staples.",3,
51,2024-10-26 16:29:40,user_3_1_3,user_3_1_3_e7ba38fb-f2fd-41ff-bba3-3b85db433a3f,1,"Based on the conversation, the customer's investment preferences are as follows:

1. **Preferred Industries:** The customer is interested in investing in the agricultural industry, specifically companies that produce agricultural products, and more specifically, those that raise and sell livestock directly.

2. **Value vs. Growth Stocks:** The customer prefers value stocks, which tend to be undervalued and stable.

3. **Dividend vs. Non-Dividend Stocks:** The customer is interested in dividend-paying stocks, specifically those with a consistent dividend history.

4. **Cyclical vs. Non-Cyclical Stocks:** The customer prefers companies with less cyclical exposure, which can provide more stability.",3,
52,2024-10-27 17:57:55,user_0_1_3,user_0_1_3_e7ba38fb-f2fd-41ff-bba3-3b85db433a3f,1,"Based on our previous conversation, your investment preferences are as follows:

1. **Preferred Industry:** Non-discussed
2. **Value vs. Growth Stocks:** Value stocks
3. **Dividend vs. Non-Dividend Stocks:** Dividend stocks
4. **Cyclical vs. Non-Cyclical Stocks:** Non-cyclical stocks",3,
53,2024-10-28 02:06:28,user_0_1_3,user_0_1_3_e7ba38fb-f2fd-41ff-bba3-3b85db433a3f,1,"Based on our previous conversation, here's a summary of your investment preferences:

1. **Preferred Industry:** You prefer investing in established companies with a history of resilience, specifically in sectors like consumer staples and utilities, which tend to be less volatile and have a steady demand.

2. **Value vs. Growth Stocks:** You prefer **value stocks**, which provide a more stable and long-term approach with lower growth potential.

3. **Dividend vs. Non-Dividend Stocks:** You prefer **dividend stocks**, which can provide a regular income stream and help reduce volatility in your portfolio.

4. **Cyclical vs. Non-Cyclical Stocks:** You prefer **non-cyclical stocks**, which are less affected by economic cycles and tend to perform more consistently, providing a stable and essential goods and services.",3,
54,2024-10-28 13:32:18,user_0_1_4,user_0_1_4_e7ba38fb-f2fd-41ff-bba3-3b85db433a3f,1,"Based on the conversation, the customer's investment preferences are as follows:

- Preferred industries: The customer is open to a broader range of industries that offer stability and reliability, including essential services such as utilities, consumer staples, and healthcare.
- Value vs. growth stocks: The customer prefers value stocks, which are often cheaper and have a lower price-to-earnings ratio.
- Dividend vs. non-dividend stocks: The customer is interested in dividend stocks, which can provide a regular income stream.
- Cyclical vs. non-cyclical stocks: The customer prefers non-cyclical stocks, which are less affected by economic cycles and tend to be more stable.",3,
55,2024-10-28 18:56:32,user_2_1_1,user_2_1_1_e7ba38fb-f2fd-41ff-bba3-3b85db433a3f,1,"Based on the conversation, here's a summary of the customer's investment preferences:

1. **Preferred Industries:** Financials, specifically insurance.
2. **Value vs. Growth Stocks:** Growth stocks.
3. **Dividend vs. Non-Dividend Stocks:** Non-dividend stocks.
4. **Cyclical vs. Non-Cyclical Stocks:** No preference, but open to a mix of both.",1,
56,2024-10-28 22:36:45,user_0_1_2,user_0_1_2_e7ba38fb-f2fd-41ff-bba3-3b85db433a3f,1,"Based on the previous conversation, the customer's investment preferences are as follows:

1. **Preferred Industry:** Technology, specifically software development.
2. **Value vs. Growth Stocks:** Value stocks, which are often undervalued and have a lower price-to-earnings ratio.
3. **Dividend vs. Non-Dividend Stocks:** Dividend stocks, which provide a regular income stream.
4. **Cyclical vs. Non-Cyclical Stocks:** Non-cyclical companies, which tend to perform relatively well in both good and bad economic times.",3,
57,2024-10-29 23:38:28,user_3_1_0,user_3_1_0_e7ba38fb-f2fd-41ff-bba3-3b85db433a3f,1,"Based on the conversation, here's a summary of the customer's investment preferences:

1. **Preferred Industries:** The customer does not have a strong preference for any specific industry, but is interested in well-established companies with a track record of stability and consistent performance.

2. **Value vs. Growth Stocks:** The customer is more interested in value stocks, which are often undervalued and offer a lower price-to-earnings ratio, as they prioritize companies with a strong foundation and a history of consistent performance.

3. **Dividend vs. Non-Dividend Stocks:** The customer prefers dividend-paying stocks, which can provide a relatively stable source of income.

4. **Cyclical vs. Non-Cyclical Stocks:** The customer is more interested in investing in non-cyclical companies, which are less affected by economic downturns and can provide a more stable source of income.",3,
58,2024-10-30 11:59:06,user_2_1_4,user_2_1_4_e7ba38fb-f2fd-41ff-bba3-3b85db433a3f,1,"Based on the conversation with the customer, here's a summary of their investment preferences:

1. **Preferred Industries:** Healthcare services
2. **Value vs. Growth Stocks:** Growth stocks
3. **Dividend vs. Non-Dividend Stocks:** Growth stocks that pay dividends
4. **Cyclical vs. Non-Cyclical Stocks:** Non-cyclical stocks",2,
59,2024-10-30 14:21:23,user_0_1_0,user_0_1_0_e7ba38fb-f2fd-41ff-bba3-3b85db433a3f,1,"Based on our previous conversation, here's a summary of your investment preferences:

1. **Preferred Industry:** Energy production, specifically focusing on smaller and more agile companies involved in extracting and refining oil and gas.
2. **Value vs. Growth Stocks:** Value stocks, which prioritize long-term value and stability.
3. **Dividend vs. Non-Dividend Stocks:** Dividend-paying value stocks, providing a relatively stable income stream.
4. **Cyclical vs. Non-Cyclical Stocks:** Non-cyclical companies with more stable earnings, such as those involved in refining or midstream operations.",3,
60,2024-10-31 23:09:38,demo_3_1_2,demo_3_1_2_e7ba38fb-f2fd-41ff-bba3-3b85db433a3f,1,"Based on the conversation, the customer's investment preferences are as follows:

1. **Preferred Industries:** The customer is open to various sectors and has no aversion to any specific industry.
2. **Value vs. Growth Stocks:** The customer is interested in long-term potential growth.
3. **Dividend vs. Non-Dividend Stocks:** The customer prioritizes dividend stocks for regular payouts.
4. **Cyclical vs. Non-Cyclical Stocks:** The customer prefers non-cyclical stocks for stability.",2,
61,2024-10-24 16:55:13,user_3_1_1,user_3_1_1_ed6a4c6f-1475-404b-917c-67155410f655,1,"Based on the conversation, the customer's investment preferences are as follows:

1. **Preferred Industries:** The customer does not have a specific preference for a particular industry, but they are interested in non-cyclical sectors such as consumer goods or utilities, which tend to be more stable.

2. **Value vs. Growth Stocks:** The customer prefers growth stocks, but with a focus on stability, indicating a preference for established companies with a history of steady growth.

3. **Dividend vs. Non-Dividend Stocks:** The customer prefers dividend stocks, which can provide a relatively stable source of income and are often associated with established companies in stable industries.

4. **Cyclical vs. Non-Cyclical Stocks:** The customer prefers non-cyclical companies, which tend to be more stable but may offer lower returns, aligning with their initial preference for steady, reliable returns.",2,
62,2024-11-04 22:43:55,user_2_2_3,user_2_2_3_0a1acf10-3a5c-4d28-97cc-ddd18121057c,2,"Based on our previous conversation, here's a summary of your investment preferences:

1. **Preferred Industry:** Software
2. **Value vs. Growth Stocks:** Value stocks
3. **Dividend vs. Non-Dividend Stocks:** Dividend stocks
4. **Cyclical vs. Non-Cyclical Stocks:** Cyclical stocks",2,
63,2024-11-07 08:11:12,demo_2_2_0,demo_2_2_0_0a1acf10-3a5c-4d28-97cc-ddd18121057c,2,"Based on our previous conversation, here's a summary of your investment preferences:

1. **Preferred Industries:** You are open to exploring different industries, with no specific category in mind.
2. **Value vs. Growth Stocks:** You are interested in growth stocks, which have the potential for higher growth but come with a bit more risk.
3. **Dividend vs. Non-Dividend Stocks:** You prioritize capital gain over regular dividend payments, focusing on the potential for long-term growth and capital appreciation.
4. **Cyclical vs. Non-Cyclical Stocks:** You are open to cyclical stocks, which tend to be sensitive to economic fluctuations and offer higher growth potential, but also come with more volatility.",1,
64,2024-11-09 17:00:39,demo_2_2_4,demo_2_2_4_0a1acf10-3a5c-4d28-97cc-ddd18121057c,2,"Based on the conversation, here's a summary of the customer's investment preferences:

1. **Preferred Industries:** Technology and consumer discretionary sectors, as they tend to thrive during economic growth.
2. **Value vs. Growth Stocks:** Growth stocks, as the customer is looking for long-term growth and stability.
3. **Dividend vs. Non-Dividend Stocks:** Non-dividend stocks, as the customer is focused on capital appreciation rather than generating income through dividends.
4. **Cyclical vs. Non-Cyclical Stocks:** Cyclical stocks, as they can benefit from economic growth and tend to be more volatile, aligning with the customer's goal of capitalizing on upturns.",2,
65,2024-11-15 01:11:39,user_2_2_2,user_2_2_2_0a1acf10-3a5c-4d28-97cc-ddd18121057c,2,"Based on the conversation, here's a summary of the customer's investment preferences:

1. **Preferred Industries:** The customer has not expressed a preference for a specific industry or sector, instead opting for a broad approach to diversify their portfolio.

2. **Value vs. Growth Stocks:** The customer is interested in growth stocks, which are expected to experience significant increases in revenue and earnings over time.

3. **Dividend vs. Non-Dividend Stocks:** The customer prefers growth stocks that reinvest their earnings to fuel further expansion, rather than focusing on dividend-paying stocks.

4. **Cyclical vs. Non-Cyclical Stocks:** The customer is interested in investing in cyclical stocks, which tend to be more sensitive to economic fluctuations and can benefit from government stimulus or infrastructure projects.",1,
66,2024-10-25 23:08:42,user_0_2_0,user_0_2_0_41ffe116-3ade-45a9-a7c3-c7fa26aa71c3,2,"Based on the conversation, here's a summary of the customer's investment preferences:

1. **Preferred Industries:** Technology, specifically the gaming sector.
2. **Value vs. Growth Stocks:** Growth stocks, prioritizing long-term growth and higher potential returns.
3. **Dividend vs. Non-Dividend Stocks:** Dividend stocks, for their regular income stream and relatively lower risk.
4. **Cyclical vs. Non-Cyclical Stocks:** Non-cyclical companies, providing more stability and less exposure to economic downturns.",0,
67,2024-10-27 14:10:20,user_0_2_2,user_0_2_2_41ffe116-3ade-45a9-a7c3-c7fa26aa71c3,2,"Based on the conversation, here is a summary of the customer's investment preferences:

1. **Preferred Industry:** Consumer goods (discretionary items)
2. **Stock Type:** Value stocks
3. **Dividend Preference:** Dividend stocks
4. **Cyclical vs. Non-Cyclical:** Non-cyclical stocks

The customer has not expressed a preference for growth vs. value stocks, as they have chosen value stocks.",1,
68,2024-10-28 19:26:55,user_2_2_4,user_2_2_4_41ffe116-3ade-45a9-a7c3-c7fa26aa71c3,2,"Based on the conversation, here's a summary of the customer's investment preferences:

1. **Preferred Industries:** The customer is open to exploring various industries, but is particularly interested in sectors that tend to thrive during economic growth phases, such as technology, consumer discretionary, and industrials.

2. **Value vs. Growth Stocks:** The customer is open to both value and growth stocks, but leans towards growth stocks, which offer the potential for higher returns, even if they can be riskier.

3. **Dividend vs. Non-Dividend Stocks:** The customer is not interested in receiving dividends from investments right now and prefers to focus on undervalued companies with strong long-term potential.

4. **Cyclical vs. Non-Cyclical Stocks:** The customer is willing to take on some short-term volatility in exchange for the potential for higher returns during economic growth phases, and is open to investing in cyclical stocks.",1,
69,2024-10-30 00:38:40,user_2_2_3,user_2_2_3_7eea2bdd-70bb-4430-b87d-32cbe72dd1f0,2,"Based on our previous conversation, here's a summary of your investment preferences:

1. **Preferred Industry:** Technology, specifically cybersecurity.
2. **Value vs. Growth Stocks:** Value-based approach.
3. **Dividend vs. Non-Dividend Stocks:** Reinvesting dividends.
4. **Cyclical vs. Non-Cyclical Stocks:** No preference.",1,
70,2024-10-30 03:17:43,user_3_2_0,user_3_2_0_7eea2bdd-70bb-4430-b87d-32cbe72dd1f0,2,"Based on the conversation, here's a summary of the customer's investment preferences:

1. **Preferred Industries:** The customer has expressed a preference for aviation, aerospace, and military-related industries, but has a strong aversion to environmental protection-related industries.

2. **Value vs. Growth Stocks:** The customer is interested in growth stocks, which focus on companies with high growth potential.

3. **Dividend vs. Non-Dividend Stocks:** The customer focuses on capital appreciation, prioritizing growth over dividend income.

4. **Cyclical vs. Non-Cyclical Stocks:** The customer is interested in cyclical stocks, which are sensitive to economic fluctuations and often offer higher growth potential.",1,
71,2024-10-30 08:37:54,user_3_2_1,user_3_2_1_7eea2bdd-70bb-4430-b87d-32cbe72dd1f0,2,"Based on the conversation with the customer, here's a summary of their investment preferences:

1. **Preferred Industries:** The customer does not have a specific industry preference, but they are interested in companies with good fundamentals, management teams, and the ability to leverage the economic cycle for long-term growth. They prefer companies that are innovative and have high growth potential, such as those in the consumer goods or technology sectors.

2. **Value vs. Growth Stocks:** The customer prefers **value stocks**, which are often undervalued and offer a lower price-to-earnings ratio, but have good fundamentals and long-term growth potential.

3. **Dividend vs. Non-Dividend Stocks:** The customer is interested in **dividend stocks** that have a solid track record of paying dividends, indicating good profitability and cash flow, and also reinvest their profits to drive growth.

4. **Cyclical vs. Non-Cyclical Stocks:** The customer prefers **non-cyclical stocks**, which are less affected by economic fluctuations and tend to be more stable, such as companies in the healthcare and consumer staples sectors.",1,
72,2024-10-30 11:49:20,user_3_2_3,user_3_2_3_7eea2bdd-70bb-4430-b87d-32cbe72dd1f0,2,"Based on our previous conversation, the customer's investment preferences are as follows:

1. **Preferred Industry:** Pharmaceuticals, specifically generic medication companies.
2. **Value vs. Growth Stocks:** Growth potential.
3. **Dividend vs. Non-Dividend Stocks:** Dividend-paying stocks.
4. **Cyclical vs. Non-Cyclical Stocks:** Non-cyclical companies with more stable earnings.",0,
73,2024-10-30 12:31:11,user_3_2_2,user_3_2_2_7eea2bdd-70bb-4430-b87d-32cbe72dd1f0,2,"Based on the conversation, the customer's investment preferences are as follows:

1. **Preferred Industries:** The customer is open to emerging markets, which include industries like biotechnology and renewable energy, but has not specified a preference for a particular sector.

2. **Value vs. Growth Stocks:** The customer prefers growth stocks, which are typically more expensive but have higher potential for growth.

3. **Dividend vs. Non-Dividend Stocks:** The customer prefers non-dividend stocks, which focus on capital appreciation but do not provide a regular income stream.

4. **Cyclical vs. Non-Cyclical Stocks:** The customer prefers cyclical stocks, which can be more volatile but offer higher returns during economic upswings.",2,
74,2024-10-30 14:43:29,demo_0_2_4,demo_0_2_4_7eea2bdd-70bb-4430-b87d-32cbe72dd1f0,2,"Based on our previous conversation, here's a summary of your investment preferences:

1. **Preferred Industry:** Finance, specifically online banking solutions.
2. **Value vs. Growth Stocks:** Growth stocks, prioritizing companies with high growth potential and higher prices.
3. **Dividend vs. Non-Dividend Stocks:** Dividend stocks, providing a relatively stable income stream.
4. **Cyclical vs. Non-Cyclical Stocks:** Non-cyclical stocks, which are less affected by economic fluctuations.",0,
75,2024-10-31 19:19:13,user_2_2_1,user_2_2_1_7eea2bdd-70bb-4430-b87d-32cbe72dd1f0,2,"Based on the conversation, the customer's investment preferences are as follows:

1. **Preferred Industries:** No specific industry preference has been discussed.
2. **Value vs. Growth Stocks:** Growth-oriented investments are preferred.
3. **Dividend vs. Non-Dividend Stocks:** Not focused on dividend-paying stocks.
4. **Cyclical vs. Non-Cyclical Stocks:** Open to cyclical companies.",2,
76,2024-11-04 17:12:25,demo_2_2_3,demo_2_2_3_7eea2bdd-70bb-4430-b87d-32cbe72dd1f0,2,"Based on our previous conversation, here's a summary of your investment preferences:

1. **Preferred Industries:** You're interested in sectors that perform well during periods of economic growth, specifically consumer discretionary, industrials, and materials. You're drawn to companies that cater to consumer spending, like retail or restaurants, or those that provide essential goods and services, like construction or manufacturing.

2. **Value vs. Growth Stocks:** You're looking for a balance between growth and stability, so you're interested in a mix of both growth and value stocks.

3. **Dividend vs. Non-Dividend Stocks:** You're focusing on growth potential for now, so you're not particularly interested in receiving dividends and are open to non-dividend stocks that have the potential for higher returns.

4. **Cyclical vs. Non-Cyclical Stocks:** You're looking for the potential for higher returns during economic booms, so you're interested in cyclical stocks.",2,
77,2024-11-05 20:02:36,demo_2_2_0,demo_2_2_0_7eea2bdd-70bb-4430-b87d-32cbe72dd1f0,2,"Based on the conversation, here's a summary of the customer's investment preferences:

1. **Preferred Industries:** The customer does not have a specific industry in mind, but is open to exploring different options.
2. **Value vs. Growth Stocks:** The customer prefers **value stocks** with strong long-term potential, looking for undervalued companies that can offer a lower entry point and potential for growth.
3. **Dividend vs. Non-Dividend Stocks:** The customer is not interested in **dividend stocks** and prefers **growth stocks** that reinvest their earnings back into the company.
4. **Cyclical vs. Non-Cyclical Stocks:** The customer prefers **non-cyclical stocks** that can benefit from economic upturns and are less affected by economic downturns.",2,
78,2024-11-08 15:42:43,demo_0_2_1,demo_0_2_1_7eea2bdd-70bb-4430-b87d-32cbe72dd1f0,2,"Based on our previous conversation, here's a summary of your investment preferences:

1. **Preferred Industry:** Undervalued companies (not a specific industry mentioned)
2. **Value vs. Growth Stocks:** Growth stocks
3. **Dividend vs. Non-Dividend Stocks:** Non-dividend stocks
4. **Cyclical vs. Non-Cyclical Stocks:** Cyclical stocks",2,
79,2024-11-11 06:39:52,user_2_2_0,user_2_2_0_7eea2bdd-70bb-4430-b87d-32cbe72dd1f0,2,"Based on the conversation, here's a summary of the customer's investment preferences:

1. **Preferred Industries:** The customer is interested in investing in industrials and consumer discretionary sectors, which they believe can benefit from economic upturns.

2. **Value vs. Growth Stocks:** The customer prefers value stocks with lower prices and potential for long-term growth over growth stocks with high growth rates and higher prices.

3. **Dividend vs. Non-Dividend Stocks:** The customer is not interested in dividend stocks and prefers to focus on growth stocks that reinvest their earnings back into the business.

4. **Cyclical vs. Non-Cyclical Stocks:** The customer is interested in cyclical growth stocks, which can offer higher returns during economic expansions, but may be more volatile.",3,
80,2024-11-11 07:43:10,user_2_2_0,user_2_2_0_7eea2bdd-70bb-4430-b87d-32cbe72dd1f0,2,"Based on the conversation, here's a summary of the customer's investment preferences:

1. **Preferred Industries:** The customer is interested in investing in the industrials and consumer discretionary sectors, which include construction, manufacturing, logistics, retail, and hospitality.
2. **Value vs. Growth Stocks:** The customer prefers value stocks, which are often undervalued and have potential for long-term growth, over growth stocks with high prices and high growth rates.
3. **Dividend vs. Non-Dividend Stocks:** The customer is not interested in dividend-paying stocks and prefers to focus on non-dividend stocks that can reinvest their earnings and potentially drive long-term growth.
4. **Cyclical vs. Non-Cyclical Stocks:** The customer is interested in cyclical stocks, which tend to perform well during economic booms but may struggle during downturns, particularly in the industrials and consumer discretionary sectors.",3,
81,2024-11-11 08:52:17,user_3_2_4,user_3_2_4_7eea2bdd-70bb-4430-b87d-32cbe72dd1f0,2,"Based on the conversation, the customer's investment preferences are as follows:

- Preferred industries: Not discussed
- Value vs. growth stocks: Growth stocks
- Dividend vs. non-dividend stocks: Non-dividend stocks
- Cyclical vs. non-cyclical stocks: Cyclical stocks",2,
82,2024-11-14 02:06:01,user_2_2_2,user_2_2_2_7eea2bdd-70bb-4430-b87d-32cbe72dd1f0,2,"Based on the conversation, the customer's investment preferences are as follows:

1. **Preferred Industries:** Technology and finance.
2. **Value vs. Growth Stocks:** Value stocks.
3. **Dividend vs. Non-Dividend Stocks:** Non-dividend stocks that focus on growth potential.
4. **Cyclical vs. Non-Cyclical Stocks:** Cyclical stocks.",3,
83,2024-11-14 03:11:45,user_2_2_2,user_2_2_2_7eea2bdd-70bb-4430-b87d-32cbe72dd1f0,2,"Unfortunately, I don't have any previous conversations to draw from. This is the beginning of our conversation. If you would like to discuss your investment preferences, I can guide you through the process and summarize our conversation at the end.",0,
84,2024-11-14 06:35:54,user_3_2_4,user_3_2_4_7eea2bdd-70bb-4430-b87d-32cbe72dd1f0,2,"Based on the conversation, the customer's investment preferences are as follows:

1. **Preferred Industries:** The customer has not expressed a preference for a specific industry, stating they are open to various sectors and not focused on any particular one.

2. **Value vs. Growth Stocks:** The customer prefers **growth stocks**, which are expected to experience high growth rates, despite understanding the associated higher risks.

3. **Dividend vs. Non-Dividend Stocks:** The customer is not interested in receiving dividends, focusing on the potential for long-term capital appreciation.

4. **Cyclical vs. Non-Cyclical Stocks:** The customer prefers **cyclical stocks**, which tend to perform well during economic expansions but poorly during recessions, and are well-positioned to take advantage of economic cycles.",2,
85,2024-10-25 00:05:00,user_0_2_3,user_0_2_3_e15d19a7-98d3-466f-a870-2c87a5db60b8,2,"Based on the conversation, the customer's investment preferences are as follows:

1. **Preferred Industry:** E-commerce and digital payments.
2. **Value vs. Growth Stocks:** Growth stocks (specifically, looking for high growth rates in the short term).
3. **Dividend vs. Non-Dividend Stocks:** Dividend stocks (providing a regular income stream).
4. **Cyclical vs. Non-Cyclical Stocks:** Non-cyclical stocks (less affected by economic downturns).",2,
86,2024-10-25 17:59:56,user_0_2_2,user_0_2_2_e7ba38fb-f2fd-41ff-bba3-3b85db433a3f,2,"Based on the previous conversation, the customer's investment preferences are as follows:

1. **Preferred Industry:** Growth-oriented industries (e.g., technology or e-commerce)
2. **Value vs. Growth Stocks:** Value stocks (often undervalued and have a lower price-to-earnings ratio)
3. **Dividend vs. Non-Dividend Stocks:** Non-dividend stocks (focus on capital appreciation)
4. **Cyclical vs. Non-Cyclical Stocks:** Cyclical stocks (sensitive to economic cycles and tend to perform well during economic booms)",3,
87,2024-10-27 22:17:29,user_0_2_4,user_0_2_4_e7ba38fb-f2fd-41ff-bba3-3b85db433a3f,2,"Based on the conversation, the customer's investment preferences are as follows:

- Preferred industry: Semiconductors, specifically chip production.
- Value vs. growth stocks: Growth stocks.
- Dividend vs. non-dividend stocks: Dividend-paying stocks.
- Cyclical vs. non-cyclical stocks: Cyclical stocks.",1,
88,2024-10-28 16:30:19,user_3_2_2,user_3_2_2_e7ba38fb-f2fd-41ff-bba3-3b85db433a3f,2,"Based on the conversation, the customer's investment preferences are as follows:

1. **Preferred Industries:** Technology and healthcare.
2. **Value vs. Growth Stocks:** Value stocks, prioritizing steady returns and dividends.
3. **Dividend vs. Non-Dividend Stocks:** Dividend stocks, providing a regular income stream.
4. **Cyclical vs. Non-Cyclical Stocks:** Non-cyclical stocks, which tend to perform relatively well during economic downturns.",1,
89,2024-10-28 16:36:54,user_3_2_4,user_3_2_4_e7ba38fb-f2fd-41ff-bba3-3b85db433a3f,2,"Based on our previous conversation, here's a summary of your investment preferences:

1. **Preferred Industries:** You're interested in investing in AI in the healthcare sector.
2. **Value vs. Growth Stocks:** You prefer growth stocks, which offer higher potential for long-term growth.
3. **Dividend vs. Non-Dividend Stocks:** You prefer dividend-paying stocks, which can provide a regular income stream.
4. **Cyclical vs. Non-Cyclical Stocks:** You prefer non-cyclical companies, which tend to perform well regardless of economic conditions.",0,
90,2024-10-29 12:07:38,user_3_2_0,user_3_2_0_e7ba38fb-f2fd-41ff-bba3-3b85db433a3f,2,"Based on the conversation, the customer's investment preferences are as follows:

1. **Preferred Industries:** The customer has not expressed a preference for a specific industry, instead choosing to keep their options open.

2. **Value vs. Growth Stocks:** The customer prefers **value stocks** with long-term growth potential, which are often undervalued and have growth potential.

3. **Dividend vs. Non-Dividend Stocks:** The customer prefers **non-dividend stocks**, which focus on capital appreciation and provide long-term capital gains.

4. **Cyclical vs. Non-Cyclical Stocks:** The customer is open to **cyclical stocks**, which are sensitive to economic fluctuations, and is willing to take advantage of the economic cycles.",3,
91,2024-10-29 14:43:31,user_2_2_1,user_2_2_1_e7ba38fb-f2fd-41ff-bba3-3b85db433a3f,2,"Based on the conversation, here's a summary of the customer's investment preferences:

1. **Preferred Industries:** The customer has expressed interest in investing in industries with long-term potential for large growth, specifically mentioning technology, e-commerce, and renewable energy.
2. **Value vs. Growth Stocks:** The customer is open to a mix of both value and growth stocks to achieve their growth goals.
3. **Dividend vs. Non-Dividend Stocks:** The customer prefers non-dividend stocks, which focus on capital appreciation and reinvesting profits back into the company.
4. **Cyclical vs. Non-Cyclical Stocks:** The customer is interested in cyclical stocks, which tend to perform well during economic booms and are less affected by economic cycles in growth-oriented industries like technology or e-commerce.",2,
92,2024-10-29 20:39:44,user_0_2_0,user_0_2_0_e7ba38fb-f2fd-41ff-bba3-3b85db433a3f,2,"Based on our previous conversation, here's a summary of your investment preferences:

1. **Preferred Industries:** Technology and healthcare.
2. **Value vs. Growth Stocks:** You prefer a mix of both growth and value stocks for a balanced approach.
3. **Dividend vs. Non-Dividend Stocks:** You prefer dividend stocks, which provide a relatively stable source of income.
4. **Cyclical vs. Non-Cyclical Stocks:** You prefer non-cyclical stocks from stable industries, such as consumer staples or utilities, which provide a steady stream of income.",0,
93,2024-10-29 23:22:57,user_0_2_0,user_0_2_0_e7ba38fb-f2fd-41ff-bba3-3b85db433a3f,2,"Based on the previous conversation, the customer's investment preferences are as follows:

1. **Preferred Industries:** Healthcare
2. **Value vs. Growth Stocks:** Value stocks
3. **Dividend vs. Non-Dividend Stocks:** Dividend stocks
4. **Cyclical vs. Non-Cyclical Stocks:** Non-cyclical stocks",1,
94,2024-10-31 18:18:12,user_0_2_1,user_0_2_1_e7ba38fb-f2fd-41ff-bba3-3b85db433a3f,2,"Based on the conversation with the customer, here's a summary of their investment preferences:

1. **Preferred Industry:** Technology, specifically digital payments.
2. **Value vs. Growth Stocks:** Growth stocks, which offer higher potential returns but may be more volatile.
3. **Dividend vs. Non-Dividend Stocks:** Focusing on long-term growth, which means non-dividend stocks.
4. **Cyclical vs. Non-Cyclical Stocks:** Cyclical stocks, which tend to perform well in different economic conditions.",2,
95,2024-11-01 00:35:34,demo_3_2_1,demo_3_2_1_e7ba38fb-f2fd-41ff-bba3-3b85db433a3f,2,"Based on the conversation, the customer's investment preferences are as follows:

1. **Preferred Industries:** No specific industry has been mentioned.
2. **Value vs. Growth Stocks:** The customer is looking for **long-term growth**.
3. **Dividend vs. Non-Dividend Stocks:** The customer prefers **non-dividend** stocks.
4. **Cyclical vs. Non-Cyclical Stocks:** The customer wants to **take advantage of economic cycles**.",3,Growth stockValue stock
96,2024-11-02 08:12:38,demo_3_2_3,demo_3_2_3_e7ba38fb-f2fd-41ff-bba3-3b85db433a3f,2,"Based on the conversation, the customer's investment preferences are as follows:

- Preferred industries: Growth-oriented industries, specifically established companies with a proven track record in sectors like software or e-commerce.
- Value vs. growth stocks: Value stocks, which are often undervalued and have a lower price-to-earnings ratio.
- Dividend vs. non-dividend stocks: Non-dividend stocks, which reinvest their earnings to fuel growth.
- Cyclical vs. non-cyclical stocks: Cyclical stocks, which are more volatile but offer higher growth potential during economic upturns.",3,
